,biased_B,Type1_depressed
0,"[0.3333333333333333, 0.8132849247979292, 0.8941812865234197, 0.9222298632441662, 0.9353002020197798, 0.9433519033260406, 0.9491954843877717, 0.9537687419351605, 0.9574824826467703, 0.9605671308235022, 0.8817478276498562, 0.9507639736660606, 0.879409959974554, 0.1986273153967323, 0.8233233175996626, 0.9297417574990049, 0.8571096969309376, 0.9404438248145542, 0.8645109254603298, 0.9427095326675928, 0.8676968747016025, 0.18052702380504762, 0.8170465399060297, 0.9261454754956309, 0.852726193755027, 0.9354421828984048, 0.8585580889432279, 0.8282150523071361, 0.15335216450082725, 0.8026687099297023, 0.22390032052327088, 0.7939835965491149, 0.7840563499102198, 0.7808112293896329, 0.7792314671018151, 0.7782241640640324, 0.7774581197077751, 0.7768131448352785, 0.7762416252620131, 0.7757230187638292]","[0.8, 0.24403591839968797, 0.8365515149979228, 0.9163811578625504, 0.9406207942627833, 0.3716155504150538, 0.8517143140017308, 0.7582358294802976, 0.9107336604136244, 0.7895949675540461, 0.7527661027992026, 0.7417728764186744, 0.7383832967879429, 0.7371474676664275, 0.7365366971160533, 0.7361384676641316, 0.7358379352231379, 0.7355972181158426, 0.7353993243291697, 0.7352341529516286, 0.7350947229597915, 0.7349758941979466, 0.7348737692852643, 0.7347853390439298, 0.7347082470735545, 0.7346406256064382, 0.7345809780650369, 0.7345280934951355, 0.7344809832772529, 0.7344388336881044, 0.7344009699114883, 0.7343668284330803, 0.7343359356509047, 0.7343078911466513, 0.2628183134329989, 0.21088403314564566, 0.866939388672886, 0.736364170872063, 0.7163343883213531, 0.7132812181309918]"
1,"[0.3333333333333333, 0.8132849247979292, 0.8941812865234197, 0.9222298632441662, 0.3998998391568756, 0.8238203893361917, 0.887844215936314, 0.4148699085995029, 0.8107472187137972, 0.8699531251494934, 0.8881890492818246, 0.8969522736424219, 0.9030246356797044, 0.908020107031741, 0.9123671129951699, 0.8055585417263607, 0.8994836637664513, 0.8039781851044038, 0.9010179536167435, 0.8075499781084117, 0.7787852640893861, 0.32206818232373946, 0.18851403119103607, 0.14715922268288226, 0.12328352132860308, 0.10503349804671264, 0.0903724117807994, 0.07851289196710344, 0.7496094236337665, 0.8881981121119219, 0.37188287407889764, 0.16318374411324943, 0.10848561209581814, 0.7222776143387706, 0.3180231666902963, 0.1684778195079613, 0.12539073014882762, 0.1104168540548678, 0.1023189671009346, 0.09618408345085837]","[0.8, 0.95031706851728, 0.9664118267531233, 0.9746730371977689, 0.913190649218268, 0.8934427202510851, 0.8850819895756564, 0.8812393942225222, 0.8793591676321478, 0.8783414433254528, 0.8777195793702217, 0.877297982997209, 0.8769910033178827, 0.8767571057297816, 0.8765734626543027, 0.8764261072397562, 0.8763058317125144, 0.8762062613455289, 0.8761228312495719, 0.8760521882670025, 0.8759918179825515, 0.8759398016904547, 0.8758946528712511, 0.8758552043224679, 0.8758205285638961, 0.8757898806540833, 0.8757626564269881, 0.8757383615390318, 0.8757165882222075, 0.8756969976133405, 0.8756793061735108, 0.8756632751450754, 0.8756487022904026, 0.8756354153625675, 0.8756232669035177, 0.875612130068875, 0.8756018952533884, 0.8755924673457022, 0.8755837634813979, 0.8755757111932826]"
2,"[0.3333333333333333, 0.8132849247979292, 0.8941812865234197, 0.9222298632441662, 0.9353002020197798, 0.9433519033260406, 0.4073449976603704, 0.8398336612221968, 0.9072854825974916, 0.925887942391051, 0.9333409530151571, 0.9379198481902906, 0.842443243532698, 0.25939881274397963, 0.8199312283618568, 0.9091210887373571, 0.8191502200088353, 0.9146017881189279, 0.8243506416722798, 0.9169722670197258, 0.8279621839321242, 0.24258154090566378, 0.09917017955169653, 0.06894846869597712, 0.054383619082600386, 0.04427984202291482, 0.7420193913690746, 0.901777719218183, 0.7967404408647044, 0.19096738536847566, 0.05733385883349855, 0.038167760687529514, 0.7035909690470581, 0.19646092062224768, 0.0703637712839345, 0.04827259480540445, 0.041703097182869076, 0.03772851134929675, 0.034538632034588915, 0.6571039377776626]","[0.8, 0.95031706851728, 0.9664118267531233, 0.5535156746864204, 0.9186283544758497, 0.8373867619078897, 0.818880836539284, 0.8134857312611914, 0.8115039168969687, 0.8105659388816219, 0.8100089146817673, 0.8096267967526699, 0.8093442226542139, 0.8091266742871948, 0.8089548371885873, 0.8088164806560079, 0.8087033257551846, 0.8086095439883288, 0.8085309174238247, 0.8084643260614347, 0.8084074188769153, 0.8083583954998153, 0.8083158574654131, 0.8082787046059158, 0.8082460614794719, 0.8082172242282691, 0.8081916216004913, 0.8081687859626553, 0.8081483314687745, 0.808129937429231, 0.8081133355063792, 0.8080982997599262, 0.8080846388377864, 0.8080721897985478, 0.808060813186427, 0.808050389076106, 0.8080408138747505, 0.8080319977196789, 0.8080238623479759, 0.8080163393425638]"
3,"[0.3333333333333333, 0.8132849247979292, 0.31982291118608447, 0.78304614270317, 0.8558203930956381, 0.386889140911243, 0.7801922489911388, 0.8382565317286954, 0.4123372193454296, 0.7706111154452975, 0.4166340113489331, 0.7526055416480784, 0.8002800451117449, 0.8160826534574087, 0.8253589883085558, 0.44340617935644827, 0.3394820064063956, 0.7424690444558438, 0.7948442564185477, 0.8084510686602001, 0.6877013117235703, 0.4284718764466806, 0.7466143063235139, 0.46569245508144863, 0.3964885474908961, 0.37860614763900846, 0.371248833552621, 0.3660731497938432, 0.36146194519953645, 0.35710156482314637, 0.35292758929121676, 0.3489232968304354, 0.34508108945457633, 0.3413950757450089, 0.3378596549079708, 0.7020502666780047, 0.43169937028726857, 0.37201213717888376, 0.35834673097624203, 0.3538854269513306]","[0.8, 0.95031706851728, 0.9664118267531233, 0.9746730371977689, 0.913190649218268, 0.8934427202510851, 0.8850819895756564, 0.8812393942225222, 0.8793591676321478, 0.8783414433254528, 0.8777195793702217, 0.877297982997209, 0.8769910033178827, 0.8767571057297816, 0.8765734626543027, 0.8764261072397562, 0.8763058317125144, 0.8762062613455289, 0.8761228312495719, 0.8760521882670025, 0.8759918179825515, 0.8759398016904547, 0.8758946528712511, 0.8758552043224679, 0.8758205285638961, 0.8757898806540833, 0.8757626564269881, 0.8757383615390318, 0.8757165882222075, 0.8756969976133405, 0.8756793061735108, 0.8756632751450754, 0.8756487022904026, 0.8756354153625675, 0.8756232669035177, 0.875612130068875, 0.8756018952533884, 0.8755924673457022, 0.8755837634813979, 0.8755757111932826]"
4,"[0.3333333333333333, 0.8132849247979292, 0.8941812865234197, 0.9222298632441662, 0.9353002020197798, 0.9433519033260406, 0.9491954843877717, 0.9537687419351605, 0.9574824826467703, 0.9605671308235022, 0.8817478276498562, 0.9507639736660606, 0.879409959974554, 0.9514859801075705, 0.8822232306466417, 0.9529640022794617, 0.8852043511019152, 0.9543732557903207, 0.8879633497923903, 0.9556617864540345, 0.890497345349942, 0.2247187949881303, 0.06257634383100713, 0.03913153586096648, 0.029463618985961556, 0.023138314418715458, 0.018731634223524463, 0.7623621411973482, 0.18176541216801936, 0.04480845189590465, 0.027903847047630683, 0.02358104143334765, 0.7076260870083948, 0.19327077109274263, 0.05535311811337285, 0.6917389208258172, 0.22750408143370893, 0.07905654246771907, 0.0500155657215986, 0.04298482884231891]","[0.8, 0.95031706851728, 0.9664118267531233, 0.5535156746864204, 0.9186283544758497, 0.8373867619078897, 0.818880836539284, 0.8134857312611914, 0.8115039168969687, 0.8105659388816219, 0.8100089146817673, 0.8096267967526699, 0.8093442226542139, 0.8091266742871948, 0.8089548371885873, 0.8088164806560079, 0.8087033257551846, 0.8086095439883288, 0.8085309174238247, 0.8084643260614347, 0.8084074188769153, 0.8083583954998153, 0.8083158574654131, 0.8082787046059158, 0.8082460614794719, 0.8082172242282691, 0.8081916216004913, 0.8081687859626553, 0.8081483314687745, 0.808129937429231, 0.8081133355063792, 0.8080982997599262, 0.8080846388377864, 0.8080721897985478, 0.808060813186427, 0.808050389076106, 0.8080408138747505, 0.8080319977196789, 0.8080238623479759, 0.8080163393425638]"
5,"[0.3333333333333333, 0.8132849247979292, 0.31982291118608447, 0.78304614270317, 0.8558203930956381, 0.8825989688398325, 0.39811347904136, 0.2445520619881083, 0.7577594134637708, 0.8339347027935826, 0.8572339474795093, 0.8688077878870495, 0.8770067124797991, 0.8837890329151378, 0.8896822463276828, 0.394563561747295, 0.8001246990119217, 0.8622700437975594, 0.8770998378925591, 0.7576055250308114, 0.7213337388483556, 0.8585982646242709, 0.7530274364188008, 0.8650710160982578, 0.7580608419375096, 0.3173818200345458, 0.19883083394329812, 0.16308776349550472, 0.14289042626696377, 0.12703150208986938, 0.7461643996135094, 0.32305504067607477, 0.1894332642247183, 0.15153260847134287, 0.7219564532526844, 0.8417850588918186, 0.7061692739552498, 0.29846171828904317, 0.1783460170873257, 0.14527202204585285]","[0.8, 0.95031706851728, 0.9664118267531233, 0.5535156746864204, 0.9186283544758497, 0.8373867619078897, 0.818880836539284, 0.8134857312611914, 0.8115039168969687, 0.8105659388816219, 0.8100089146817673, 0.8096267967526699, 0.8093442226542139, 0.8091266742871948, 0.8089548371885873, 0.8088164806560079, 0.8087033257551846, 0.8086095439883288, 0.8085309174238247, 0.8084643260614347, 0.8084074188769153, 0.8083583954998153, 0.8083158574654131, 0.8082787046059158, 0.8082460614794719, 0.8082172242282691, 0.8081916216004913, 0.8081687859626553, 0.8081483314687745, 0.808129937429231, 0.8081133355063792, 0.8080982997599262, 0.8080846388377864, 0.8080721897985478, 0.808060813186427, 0.808050389076106, 0.8080408138747505, 0.8080319977196789, 0.8080238623479759, 0.8080163393425638]"
6,"[0.3333333333333333, 0.8132849247979292, 0.31982291118608447, 0.1885650365116232, 0.1537479156976623, 0.7339798680748955, 0.8295545269781968, 0.8624217271264403, 0.8794634815236761, 0.8912301624089414, 0.9004957336440641, 0.9081561351850141, 0.914623968184876, 0.9201557785140143, 0.34987447058740456, 0.8092059736049415, 0.8886100124590688, 0.9065877173991637, 0.37959691620173097, 0.805167072838967, 0.7333176926902563, 0.2939074152508399, 0.1656988337764562, 0.7446012491116395, 0.33195480766706115, 0.19869848114126124, 0.160319358238054, 0.14322095345655486, 0.131234412591301, 0.1211537700235881, 0.11227577952590516, 0.10437372896743968, 0.09731791236374349, 0.09100508905328626, 0.08534539597390788, 0.08025962962295828, 0.07567819468448866, 0.0715402170250332, 0.06779263520257174, 0.0643892967475443]","[0.8, 0.24403591839968797, 0.085448249735078, 0.7376565078916956, 0.8786764150100913, 0.9170847398524533, 0.9344164158407728, 0.9450609477786229, 0.8162285740872112, 0.9377145934867407, 0.8246117875511931, 0.7767629591167966, 0.9374930642906683, 0.828297325694614, 0.7868236023256651, 0.9414458487487388, 0.8333251809139316, 0.7958764702486989, 0.7825882482726549, 0.7778283002183897, 0.7760367642660778, 0.9427324093711016, 0.8292517846353268, 0.7973120710367533, 0.7880770886900901, 0.7853668895309454, 0.7845127356793472, 0.7841809519819893, 0.7840001562830508, 0.7838690828606483, 0.7837599306645051, 0.7836643792566675, 0.7835792610005263, 0.7835028595955276, 0.7834339602420622, 0.7833715931304471, 0.7833149502179828, 0.7832633473847832, 0.7832162007431289, 0.783173009107453]"
7,"[0.3333333333333333, 0.8132849247979292, 0.31982291118608447, 0.78304614270317, 0.8558203930956381, 0.386889140911243, 0.7801922489911388, 0.8382565317286954, 0.8589620570082684, 0.8705650376191257, 0.8791526432770544, 0.8862845302316339, 0.8924410732270278, 0.8978354472240042, 0.9026021113750761, 0.9068419315708717, 0.7938617106797048, 0.8938559409274871, 0.7928138545208216, 0.895710233683977, 0.7966899928237269, 0.8981368374592341, 0.8005160406604434, 0.772311866885351, 0.26596775234101105, 0.8222439712149531, 0.7687978077315162, 0.754505669438863, 0.2542936681333275, 0.8099876559372372, 0.757618104246982, 0.743497675232599, 0.7394876917636722, 0.7381673717324536, 0.7375690308288481, 0.737175581792679, 0.736852109334134, 0.7365627871764753, 0.7362971197386091, 0.7360510929744367]","[0.8, 0.24403591839968797, 0.8365515149979228, 0.27414257084048893, 0.7922065595641269, 0.8815988123798978, 0.9081172974288582, 0.7589449274850488, 0.9035427383382931, 0.7721975269696586, 0.259520922483697, 0.13316369667058553, 0.7638116473728518, 0.6907645702165696, 0.2233610051103308, 0.7691767053382645, 0.679563733915237, 0.6485115690107497, 0.63818166224383, 0.6347529343211311, 0.6335245751112496, 0.632985913762554, 0.632672629506212, 0.6324452966094608, 0.6322609688367143, 0.6321046296941436, 0.6319695024519184, 0.6318515350499336, 0.6317478268409737, 0.6316561265312862, 0.6315746277138439, 0.6315018574875136, 0.6314366024596146, 0.631377854813701, 0.6313247714503984, 0.6312766424451554, 0.6312328664022654, 0.6311929310106714, 0.6311563975726219, 0.6311228885973734]"
8,"[0.3333333333333333, 0.8132849247979292, 0.8941812865234197, 0.9222298632441662, 0.9353002020197798, 0.40660130421393476, 0.19395107508557777, 0.7809520012677826, 0.8771936439777743, 0.9039076994245144, 0.9145692746891642, 0.9210233235507648, 0.9260179303482133, 0.9302400859579584, 0.9339138380693591, 0.8300757535816623, 0.9208660654034427, 0.8276167697349259, 0.9220100552360627, 0.8309797209340319, 0.7973537784316007, 0.274604211657274, 0.12685228488745487, 0.0909042960995439, 0.0734841998655205, 0.0612318436741269, 0.0519130749695745, 0.04467031235191185, 0.038953545600268445, 0.03437376625442491, 0.03065198440485618, 0.027586540968128844, 0.7185817710541471, 0.20433186352051833, 0.0622319598288617, 0.7055358345378131, 0.23177698248276127, 0.08272085996137475, 0.0525772458250984, 0.04523672088500988]","[0.8, 0.95031706851728, 0.9664118267531233, 0.9746730371977689, 0.913190649218268, 0.8934427202510851, 0.8850819895756564, 0.8812393942225222, 0.8793591676321478, 0.8783414433254528, 0.8777195793702217, 0.877297982997209, 0.8769910033178827, 0.8767571057297816, 0.8765734626543027, 0.8764261072397562, 0.8763058317125144, 0.8762062613455289, 0.8761228312495719, 0.8760521882670025, 0.8759918179825515, 0.8759398016904547, 0.8758946528712511, 0.8758552043224679, 0.8758205285638961, 0.8757898806540833, 0.8757626564269881, 0.8757383615390318, 0.8757165882222075, 0.8756969976133405, 0.8756793061735108, 0.8756632751450754, 0.8756487022904026, 0.8756354153625675, 0.8756232669035177, 0.875612130068875, 0.8756018952533884, 0.8755924673457022, 0.8755837634813979, 0.8755757111932826]"
9,"[0.3333333333333333, 0.8132849247979292, 0.8941812865234197, 0.9222298632441662, 0.9353002020197798, 0.40660130421393476, 0.833182824799115, 0.8987466242027307, 0.91807042009871, 0.9264566081547739, 0.9318259625723955, 0.9360587876882627, 0.9396503197763979, 0.845665760705804, 0.9278971343308257, 0.8434405092490549, 0.25351847323556204, 0.8270257117917186, 0.9150058366468565, 0.8292535698982179, 0.7983417500583799, 0.21512089507891, 0.08575995286681638, 0.059406060979897354, 0.7633680576921057, 0.24253289050211368, 0.0981846535089751, 0.06866312702607352, 0.057246533312929955, 0.7073424630884101, 0.241375039548877, 0.10216228031588255, 0.07204345871113271, 0.6775464337818545, 0.25616785282882154, 0.12004494839556998, 0.08698879461766813, 0.07641318040168234, 0.07053922208368374, 0.06593994127119082]","[0.8, 0.24403591839968797, 0.8365515149979228, 0.9163811578625504, 0.9406207942627833, 0.9525551794753269, 0.843146015579053, 0.9488787968871216, 0.8533963418785357, 0.8207773303039307, 0.8096727154277549, 0.8057519927180421, 0.8041573888224701, 0.8033337155775183, 0.8028008268047767, 0.8024067159320615, 0.8020963790316774, 0.8018445508216653, 0.801636550875332, 0.9484067491506426, 0.8340943231371851, 0.8138792467911274, 0.8103435328570745, 0.8096804601972264, 0.8095018024358075, 0.8094090069298427, 0.8093369971210523, 0.8092746139798679, 0.8092192530314148, 0.8091697518695556, 0.8091252891659222, 0.809085199084312, 0.8090489247552618, 0.8090159957289021, 0.8089860120892297, 0.8089586320740639, 0.8089335621889212, 0.8089105492349661, 0.8088893738353911, 0.8088698451457934]"
10,"[0.3333333333333333, 0.11896858703837078, 0.07984972890906598, 0.06432337187736391, 0.053816965952326046, 0.7005860821386968, 0.8489902248961758, 0.8941838136313867, 0.913541368004172, 0.9251349809948358, 0.933488181556432, 0.9399899463916205, 0.9452358624345476, 0.9495635456459824, 0.2959744480222873, 0.7971608782496574, 0.9095830774966457, 0.933827533842184, 0.9408416981948843, 0.8256820807659517, 0.7664349780150366, 0.17813603069745082, 0.05414821828598803, 0.037003589990566084, 0.031094811588499582, 0.027041071153454933, 0.023838192095001844, 0.021232775022471548, 0.019081612371033705, 0.017283819290858912, 0.015764963150090135, 0.014469083897412941, 0.013353515881627706, 0.012385317098989091, 0.011538752917720552, 0.01079349742477997, 0.010133331372064073, 0.009545188207858817, 0.009018447042740131, 0.008544402845046982]","[0.8, 0.24403591839968797, 0.8365515149979228, 0.9163811578625504, 0.9406207942627833, 0.9525551794753269, 0.843146015579053, 0.9488787968871216, 0.8533963418785357, 0.8207773303039307, 0.8096727154277549, 0.8057519927180421, 0.8041573888224701, 0.8033337155775183, 0.8028008268047767, 0.8024067159320615, 0.8020963790316774, 0.8018445508216653, 0.801636550875332, 0.9484067491506426, 0.8340943231371851, 0.8138792467911274, 0.8103435328570745, 0.8096804601972264, 0.8095018024358075, 0.8094090069298427, 0.8093369971210523, 0.8092746139798679, 0.8092192530314148, 0.8091697518695556, 0.8091252891659222, 0.809085199084312, 0.8090489247552618, 0.8090159957289021, 0.8089860120892297, 0.8089586320740639, 0.8089335621889212, 0.8089105492349661, 0.8088893738353911, 0.8088698451457934]"
11,"[0.3333333333333333, 0.8132849247979292, 0.8941812865234197, 0.9222298632441662, 0.9353002020197798, 0.9433519033260406, 0.9491954843877717, 0.4051314396450934, 0.16843194482719503, 0.7881654768966075, 0.33782945821997445, 0.797813082521101, 0.8820437992611716, 0.4329812259827172, 0.8065790596706619, 0.42346367438586857, 0.7891251351889366, 0.8545435752772688, 0.8721656923903515, 0.8796378190592831, 0.7645354861427605, 0.36846315034699306, 0.24133557827718696, 0.20164590049227757, 0.7461766622787185, 0.38337465605728416, 0.7666846351322726, 0.4182641104178167, 0.7610640187696731, 0.6896731235257716, 0.384642294755667, 0.7488859320233533, 0.6811104999425626, 0.6614310088605782, 0.6555339611384614, 0.3710216791312328, 0.2922506987464204, 0.2686920544719205, 0.25775162390804485, 0.2497878952237815]","[0.8, 0.95031706851728, 0.9664118267531233, 0.5535156746864204, 0.9186283544758497, 0.8373867619078897, 0.818880836539284, 0.8134857312611914, 0.8115039168969687, 0.8105659388816219, 0.8100089146817673, 0.8096267967526699, 0.8093442226542139, 0.8091266742871948, 0.8089548371885873, 0.8088164806560079, 0.8087033257551846, 0.8086095439883288, 0.8085309174238247, 0.8084643260614347, 0.8084074188769153, 0.8083583954998153, 0.8083158574654131, 0.8082787046059158, 0.8082460614794719, 0.8082172242282691, 0.8081916216004913, 0.8081687859626553, 0.8081483314687745, 0.808129937429231, 0.8081133355063792, 0.8080982997599262, 0.8080846388377864, 0.8080721897985478, 0.808060813186427, 0.808050389076106, 0.8080408138747505, 0.8080319977196789, 0.8080238623479759, 0.8080163393425638]"
12,"[0.3333333333333333, 0.8132849247979292, 0.8941812865234197, 0.9222298632441662, 0.9353002020197798, 0.9433519033260406, 0.9491954843877717, 0.9537687419351605, 0.9574824826467703, 0.9605671308235022, 0.8817478276498562, 0.1943914127408487, 0.8163479836788128, 0.9257154817407893, 0.9485733126201205, 0.8660446739577391, 0.9417003072182083, 0.8651391231064735, 0.9426674159458195, 0.8677748593069308, 0.8368170800544797, 0.9393296191449872, 0.8665313966536016, 0.8382005200115822, 0.15172313995510928, 0.041010842924553766, 0.7871896870514254, 0.20054656696674117, 0.06455760395484544, 0.04328180258385426, 0.0350328308302302, 0.7199575648453027, 0.20148500703066946, 0.06767326054843854, 0.04538825496699642, 0.03861765078409974, 0.03437340054593534, 0.030987096041413333, 0.6649087008747995, 0.18920370822168647]","[0.8, 0.95031706851728, 0.9664118267531233, 0.9746730371977689, 0.913190649218268, 0.8934427202510851, 0.8850819895756564, 0.8812393942225222, 0.8793591676321478, 0.8783414433254528, 0.8777195793702217, 0.877297982997209, 0.8769910033178827, 0.8767571057297816, 0.8765734626543027, 0.8764261072397562, 0.8763058317125144, 0.8762062613455289, 0.8761228312495719, 0.8760521882670025, 0.8759918179825515, 0.8759398016904547, 0.8758946528712511, 0.8758552043224679, 0.8758205285638961, 0.8757898806540833, 0.8757626564269881, 0.8757383615390318, 0.8757165882222075, 0.8756969976133405, 0.8756793061735108, 0.8756632751450754, 0.8756487022904026, 0.8756354153625675, 0.8756232669035177, 0.875612130068875, 0.8756018952533884, 0.8755924673457022, 0.8755837634813979, 0.8755757111932826]"
13,"[0.3333333333333333, 0.8132849247979292, 0.8941812865234197, 0.37877626975223005, 0.8092274348872128, 0.8735988500636958, 0.8959083726384067, 0.41322258399618345, 0.8077941247085846, 0.8659489068557873, 0.8839095495806205, 0.892724514414036, 0.8989337051058863, 0.9040759750539517, 0.41837474481973524, 0.8190702185928349, 0.8771906612417103, 0.7759004068634427, 0.8755136080299651, 0.7784481350684886, 0.7503749202107471, 0.3542252328026768, 0.23654581735200486, 0.19707319150375632, 0.1732775579808472, 0.15408423921899697, 0.1376348595988865, 0.12344968871981209, 0.11123607072271521, 0.10072940845711975, 0.09168339470353998, 0.0838764175121566, 0.07711528118190553, 0.0712352407593772, 0.06609778078854352, 0.06158740167459276, 0.05760819816771347, 0.7079111427923093, 0.2604690900031933, 0.7631292187700657]","[0.8, 0.95031706851728, 0.9664118267531233, 0.9746730371977689, 0.913190649218268, 0.8934427202510851, 0.8850819895756564, 0.8812393942225222, 0.8793591676321478, 0.8783414433254528, 0.8777195793702217, 0.877297982997209, 0.8769910033178827, 0.8767571057297816, 0.8765734626543027, 0.8764261072397562, 0.8763058317125144, 0.8762062613455289, 0.8761228312495719, 0.8760521882670025, 0.8759918179825515, 0.8759398016904547, 0.8758946528712511, 0.8758552043224679, 0.8758205285638961, 0.8757898806540833, 0.8757626564269881, 0.8757383615390318, 0.8757165882222075, 0.8756969976133405, 0.8756793061735108, 0.8756632751450754, 0.8756487022904026, 0.8756354153625675, 0.8756232669035177, 0.875612130068875, 0.8756018952533884, 0.8755924673457022, 0.8755837634813979, 0.8755757111932826]"
14,"[0.3333333333333333, 0.8132849247979292, 0.8941812865234197, 0.9222298632441662, 0.9353002020197798, 0.9433519033260406, 0.4073449976603704, 0.8398336612221968, 0.37551316209335284, 0.21535727629369003, 0.7770709796892301, 0.8700966057240145, 0.8948268808357509, 0.43740902102303947, 0.8093727656208648, 0.8704122408784024, 0.8867517114008361, 0.8937817388086458, 0.7788046387414551, 0.8791046599124015, 0.7765158143511626, 0.34259833284664926, 0.20893465786373416, 0.16863085602075484, 0.14729208520041695, 0.1309965913969822, 0.11729718133621282, 0.10557919074662056, 0.7300937261540408, 0.3095865542141722, 0.16814652968803362, 0.12976873683342718, 0.11571093788315105, 0.10726425795418731, 0.10050700637927437, 0.09458757526253318, 0.6929109040768584, 0.2923369971443043, 0.1561507397728297, 0.11950859045295698]","[0.8, 0.95031706851728, 0.9664118267531233, 0.5535156746864204, 0.9186283544758497, 0.8373867619078897, 0.818880836539284, 0.8134857312611914, 0.8115039168969687, 0.8105659388816219, 0.8100089146817673, 0.8096267967526699, 0.8093442226542139, 0.8091266742871948, 0.8089548371885873, 0.8088164806560079, 0.8087033257551846, 0.8086095439883288, 0.8085309174238247, 0.8084643260614347, 0.8084074188769153, 0.8083583954998153, 0.8083158574654131, 0.8082787046059158, 0.8082460614794719, 0.8082172242282691, 0.8081916216004913, 0.8081687859626553, 0.8081483314687745, 0.808129937429231, 0.8081133355063792, 0.8080982997599262, 0.8080846388377864, 0.8080721897985478, 0.808060813186427, 0.808050389076106, 0.8080408138747505, 0.8080319977196789, 0.8080238623479759, 0.8080163393425638]"
15,"[0.3333333333333333, 0.8132849247979292, 0.31982291118608447, 0.78304614270317, 0.34849984927088407, 0.7609387908795091, 0.3764932221310027, 0.7423759015583828, 0.7961037054869372, 0.8166142089040773, 0.8293015422962788, 0.8392478847525315, 0.8477469301945619, 0.8552091128976488, 0.8618286920115442, 0.8677364178208264, 0.8730350125012997, 0.3872962851417113, 0.791632893539865, 0.8484751401331212, 0.735696015493663, 0.7061142898805284, 0.3126600049344262, 0.7784690149441753, 0.708423729680574, 0.6916768420621557, 0.687427921301329, 0.6861181166864875, 0.6855115068967726, 0.6850909144921451, 0.6847367653013261, 0.6844198318972144, 0.6841312366211239, 0.6838668425715974, 0.6836238173989051, 0.6833998593066527, 0.6831929967978203, 0.6830015143475782, 0.6828239094142552, 0.6826588604566535]","[0.8, 0.95031706851728, 0.9664118267531233, 0.9746730371977689, 0.913190649218268, 0.8934427202510851, 0.8850819895756564, 0.8812393942225222, 0.8793591676321478, 0.8783414433254528, 0.8777195793702217, 0.877297982997209, 0.8769910033178827, 0.8767571057297816, 0.8765734626543027, 0.8764261072397562, 0.8763058317125144, 0.8762062613455289, 0.8761228312495719, 0.8760521882670025, 0.8759918179825515, 0.8759398016904547, 0.8758946528712511, 0.8758552043224679, 0.8758205285638961, 0.8757898806540833, 0.8757626564269881, 0.8757383615390318, 0.8757165882222075, 0.8756969976133405, 0.8756793061735108, 0.8756632751450754, 0.8756487022904026, 0.8756354153625675, 0.8756232669035177, 0.875612130068875, 0.8756018952533884, 0.8755924673457022, 0.8755837634813979, 0.8755757111932826]"
16,"[0.3333333333333333, 0.8132849247979292, 0.8941812865234197, 0.9222298632441662, 0.3998998391568756, 0.8238203893361917, 0.887844215936314, 0.9082424142760149, 0.9178712728831837, 0.9242784885264667, 0.9293513639631217, 0.9336287291835286, 0.40459645289979684, 0.8376852367945494, 0.9036975311686735, 0.8111150005403585, 0.9047744642409731, 0.8145247898134669, 0.9069623573544229, 0.8180856941315273, 0.7891762798021813, 0.3029371904815397, 0.1627893201848786, 0.12235934926138393, 0.10011710924075029, 0.08370734550743679, 0.07094189234410829, 0.06089980946958149, 0.7430920186789413, 0.26981488911487717, 0.11476461789207845, 0.7286627168443648, 0.3004949953480277, 0.14606086103754923, 0.10484966009620889, 0.09122032347969708, 0.08386093920822914, 0.07825657955038141, 0.07343534531482514, 0.06914842952608176]","[0.8, 0.24403591839968797, 0.085448249735078, 0.7376565078916956, 0.8786764150100913, 0.9170847398524533, 0.9344164158407728, 0.9450609477786229, 0.8162285740872112, 0.9377145934867407, 0.8246117875511931, 0.7767629591167966, 0.9374930642906683, 0.828297325694614, 0.7868236023256651, 0.9414458487487388, 0.8333251809139316, 0.7958764702486989, 0.7825882482726549, 0.7778283002183897, 0.7760367642660778, 0.22739592975412176, 0.10372378094742232, 0.07089008405004832, 0.055199701285258744, 0.04507777449467093, 0.03786008387044946, 0.03247604357101334, 0.028334444665681753, 0.7430535721390682, 0.22464311343825094, 0.07297309257182891, 0.04487540419565954, 0.03805339476274687, 0.03467047606964233, 0.03209131945579578, 0.02989477744206837, 0.02797692702770769, 0.02628631580519968, 0.024785987393745875]"
17,"[0.3333333333333333, 0.8132849247979292, 0.8941812865234197, 0.9222298632441662, 0.9353002020197798, 0.9433519033260406, 0.9491954843877717, 0.9537687419351605, 0.4011890664527258, 0.15573329028297578, 0.7901649274306007, 0.9014977471351364, 0.9279744430373449, 0.9362867637962654, 0.8364282718565326, 0.9238887193972695, 0.8336834232926293, 0.27003055211615495, 0.10781850719962716, 0.7763224137536059, 0.7488674174657645, 0.2417871548404888, 0.10733044254677841, 0.07805148138633194, 0.06528005660450514, 0.05629967145359995, 0.049210192742063334, 0.7040271550259425, 0.886647658755518, 0.3289878188134707, 0.7822650207361265, 0.3036002730365218, 0.13075840159616692, 0.08932344613181022, 0.6661581278808802, 0.2736614743646408, 0.7256001627273659, 0.8547477205105088, 0.7225062511387087, 0.290015669503492]","[0.8, 0.95031706851728, 0.5060833882109878, 0.8999165862819565, 0.9385825346965094, 0.8334794725021148, 0.8076648093492085, 0.36060842294621176, 0.884215152944386, 0.7945212587278563, 0.7733821850470495, 0.7682284675042341, 0.7667764257010262, 0.7661939620515674, 0.9251220356539126, 0.8030170937912255, 0.7817447698625668, 0.7780558764193107, 0.7773432438387679, 0.7771270906224528, 0.7770028654828094, 0.7769052477363445, 0.7768222511561517, 0.7767502985618153, 0.7766873959503682, 0.7766320665963559, 0.7765831357910348, 0.7765396503268545, 0.7765008288499259, 0.7764660257126101, 0.7764347035421127, 0.7764064120999964, 0.7763807718197424, 0.7763574608710868, 0.7763362049110433, 0.7763167689008238, 0.7762989505250824, 0.7762825748639827, 0.7762674900522443, 0.7762535637212575]"
18,"[0.3333333333333333, 0.11896858703837078, 0.07984972890906598, 0.7208889875382632, 0.8478702789803566, 0.889071803166805, 0.3142345006755103, 0.14110151928207756, 0.7072387113163556, 0.8262712853927074, 0.8612361851702384, 0.8763800856886346, 0.8860528860829282, 0.8936538929118722, 0.9000786666767983, 0.9056458248991255, 0.3309119000675022, 0.7754043594365954, 0.30651405909740087, 0.750794438485447, 0.686119679613254, 0.2717633536232222, 0.15615195517653277, 0.6945312083043971, 0.8211918323033758, 0.698913628567207, 0.2711363521004552, 0.155558363995732, 0.12574432376172054, 0.6685701287590217, 0.2838564846242663, 0.17248332405012165, 0.14240765980795875, 0.13017841024877516, 0.12199774181213802, 0.641496451133305, 0.2789003069695595, 0.17213314405664473, 0.14342738266089705, 0.1329350722091907]","[0.8, 0.95031706851728, 0.9664118267531233, 0.5535156746864204, 0.9186283544758497, 0.8373867619078897, 0.818880836539284, 0.8134857312611914, 0.8115039168969687, 0.8105659388816219, 0.8100089146817673, 0.8096267967526699, 0.8093442226542139, 0.8091266742871948, 0.8089548371885873, 0.8088164806560079, 0.8087033257551846, 0.8086095439883288, 0.8085309174238247, 0.8084643260614347, 0.8084074188769153, 0.8083583954998153, 0.8083158574654131, 0.8082787046059158, 0.8082460614794719, 0.8082172242282691, 0.8081916216004913, 0.8081687859626553, 0.8081483314687745, 0.808129937429231, 0.8081133355063792, 0.8080982997599262, 0.8080846388377864, 0.8080721897985478, 0.808060813186427, 0.808050389076106, 0.8080408138747505, 0.8080319977196789, 0.8080238623479759, 0.8080163393425638]"
19,"[0.3333333333333333, 0.8132849247979292, 0.31982291118608447, 0.78304614270317, 0.8558203930956381, 0.8825989688398325, 0.39811347904136, 0.7929850088866865, 0.851856892099247, 0.8712111693108903, 0.41974454136228223, 0.7907742671217282, 0.8449455545243313, 0.8608344633993241, 0.8688124956178538, 0.4327795593217007, 0.7933890820216332, 0.8447089478389164, 0.8577449550048314, 0.7456844910612647, 0.7156576469824548, 0.3652384661271751, 0.26749246899862855, 0.7674302270976919, 0.4133441356061915, 0.3083218872419483, 0.2757086572074676, 0.2591496867649665, 0.24638103768869768, 0.23492048317179004, 0.2242541811749333, 0.21426225591632944, 0.7224003099226836, 0.8111638723866809, 0.40982115158692906, 0.282857668647663, 0.2456833665293885, 0.23153051610296344, 0.22311938389644068, 0.7035269188798903]","[0.8, 0.24403591839968797, 0.8365515149979228, 0.9163811578625504, 0.3410096778799161, 0.8299068329482007, 0.9055810917975494, 0.768000873915325, 0.9080586939588428, 0.7825606462367721, 0.7448555937987963, 0.733729683145322, 0.9103288862799914, 0.7853813417269183, 0.7546606292145097, 0.747218380161615, 0.7453327222347201, 0.7447341705571963, 0.7444431908795806, 0.7442419964795791, 0.7440805339843973, 0.7439446937822567, 0.7438284296434325, 0.7437279701673921, 0.7436405310022195, 0.743563939154598, 0.7434964626258475, 0.743436704022463, 0.7433835250716072, 0.7433359907070277, 0.7432933268564608, 0.7432548881659181, 0.7432201330574812, 0.743188604268195, 0.7431599135306431, 0.7431337294144612, 0.7431097676026363, 0.7430877830594077, 0.7430675636795799, 0.7430489251067212]"
